"","node1","node2","cluster"
"1","6814","102","1"
"2","6814","385","1"
"3","6814","414","1"
"4","6814","386","1"
"5","102","385","1"
"6","102","414","1"
"7","102","386","1"
"8","385","414","1"
"9","385","386","1"
"10","414","386","1"
"11","75193","379","2"
"12","75193","70362","2"
"13","379","70362","2"
"14","81425","86","3"
"15","81425","350","3"
"16","3133","86","3"
"17","3133","350","3"
"18","86","350","3"
"19","81876","86","4"
"20","86","12","4"
"21","86","17410","4"
"22","86","51467","4"
"23","86","51446","4"
"24","86","35","4"
"25","69939","12","5"
"26","35742","12","5"
"27","36403","12","5"
"28","41388","12","5"
"29","69885","12","5"
"30","24359","12","5"
"31","12","479","5"
"32","12","401","5"
"33","12","407","5"
"34","12","42","5"
"35","12","1177","5"
"36","12","20420","5"
"37","12","469","5"
"38","12","12696","5"
"39","12","239","5"
"40","12","328","5"
"41","12","24","5"
"42","12","25295","5"
"43","12","136","5"
"44","12","398","5"
"45","12","480","5"
"46","12","98","5"
"47","12","115","5"
"48","12","28660","5"
"49","12","188","5"
"50","12","16847","5"
"51","12","28164","5"
"52","12","365","5"
"53","12","198","5"
"54","12","344","5"
"55","12","24330","5"
"56","12","12690","5"
"57","12","25942","5"
"58","12","14151","5"
"59","12","159","5"
"60","12","6823","5"
"61","12","20325","5"
"62","12","14154","5"
"63","12","418","5"
"64","12","75462","5"
"65","12","106","5"
"66","12","28662","5"
"67","12","68132","5"
"68","12","340","5"
"69","12","20","5"
"70","12","374","5"
"71","12","25392","5"
"72","12","250","5"
"73","12","68121","5"
"74","80172","3356","6"
"75","80172","14158","6"
"76","80172","3613","6"
"77","80172","12647","6"
"78","80172","14308","6"
"79","80172","421","6"
"80","3356","14158","6"
"81","3356","12647","6"
"82","3356","14308","6"
"83","3356","421","6"
"84","14158","3613","6"
"85","14158","12647","6"
"86","14158","14308","6"
"87","14158","421","6"
"88","3613","12647","6"
"89","3613","14308","6"
"90","3613","421","6"
"91","12647","14308","6"
"92","12647","421","6"
"93","14308","421","6"
"94","34642","34834","7"
"95","34642","69895","7"
"96","34642","34617","7"
"97","34642","67376","7"
"98","34642","60","7"
"99","34642","12681","7"
"100","34642","79","7"
"101","34834","69895","7"
"102","34834","34617","7"
"103","34834","67376","7"
"104","34834","60","7"
"105","34834","12681","7"
"106","34834","79","7"
"107","69895","34617","7"
"108","69895","67376","7"
"109","69895","60","7"
"110","69895","12681","7"
"111","69895","79","7"
"112","34617","67376","7"
"113","34617","60","7"
"114","34617","12681","7"
"115","34617","79","7"
"116","67376","60","7"
"117","67376","12681","7"
"118","67376","79","7"
"119","60","12681","7"
"120","60","79","7"
"121","12681","79","7"
"122","81876","97","8"
"123","81876","101","8"
"124","35742","97","8"
"125","35742","101","8"
"126","97","17410","8"
"127","97","101","8"
"128","97","6823","8"
"129","17410","101","8"
"130","101","6823","8"
"131","36235","45520","9"
"132","34840","45520","9"
"133","36234","45520","9"
"134","35774","45520","9"
"135","45520","83112","9"
"136","45520","69880","9"
"137","45520","78566","9"
"138","45520","35757","9"
"139","45520","36320","9"
"140","45520","36401","9"
"141","45520","45173","9"
"142","45520","36398","9"
"143","45520","36400","9"
"144","45520","45177","9"
"145","45520","35754","9"
"146","45520","75452","9"
"147","45520","36236","9"
"148","45520","81720","9"
"149","45520","36237","9"
"150","45520","81430","9"
"151","45520","80171","9"
"152","45520","45182","9"
"153","45520","45324","9"
"154","45520","45183","9"
"155","45520","35864","9"
"156","45520","36368","9"
"157","45520","45521","9"
"158","45168","68064","10"
"159","45168","12695","10"
"160","45168","45430","10"
"161","45168","28662","10"
"162","68064","12695","10"
"163","68064","45430","10"
"164","12","12695","10"
"165","12695","45430","10"
"166","12695","28662","10"
"167","12695","24","10"
"168","45430","28662","10"
"169","68064","16","11"
"170","68064","112","11"
"171","16","112","11"
"172","36404","45321","12"
"173","36404","75449","12"
"174","36404","88","12"
"175","36404","16","12"
"176","36404","19561","12"
"177","45321","75449","12"
"178","45321","88","12"
"179","45321","16","12"
"180","45321","19561","12"
"181","75449","88","12"
"182","75449","16","12"
"183","75449","19561","12"
"184","88","16","12"
"185","88","19561","12"
"186","16","19561","12"
"187","86","463","13"
"188","463","35","13"
"189","463","98","13"
"190","69742","83112","14"
"191","69742","82875","14"
"192","69742","12638","14"
"193","83112","82875","14"
"194","83112","12638","14"
"195","83112","50780","14"
"196","82875","12638","14"
"197","12677","458","15"
"198","12656","458","15"
"199","3613","16065","15"
"200","3613","458","15"
"201","16065","458","15"
"202","17410","12672","16"
"203","17410","20388","16"
"204","17410","14411","16"
"205","12672","20388","16"
"206","12672","51446","16"
"207","12672","14411","16"
"208","20388","51446","16"
"209","20388","14411","16"
"210","51446","14411","16"
"211","69195","3360","17"
"212","69195","390","17"
"213","69195","30","17"
"214","69195","14123","17"
"215","3360","390","17"
"216","34704","379","18"
"217","34704","12676","18"
"218","47053","379","18"
"219","47053","12676","18"
"220","379","12676","18"
"221","34704","69195","19"
"222","81425","81876","19"
"223","81876","3133","19"
"224","81876","350","19"
"225","81876","45225","19"
"226","81876","69195","19"
"227","81876","30","19"
"228","81876","14123","19"
"229","69854","12","20"
"230","83112","12","20"
"231","82875","12","20"
"232","12","12638","20"
"233","12","70322","20"
"234","12","69291","20"
"235","69291","98","20"
"236","35902","69880","21"
"237","35902","25680","21"
"238","35902","16064","21"
"239","69880","25680","21"
"240","69880","16064","21"
"241","212","16064","21"
"242","25680","16064","21"
"243","36235","34840","22"
"244","36235","36234","22"
"245","36235","35774","22"
"246","36235","83112","22"
"247","36235","69880","22"
"248","36235","78566","22"
"249","36235","35757","22"
"250","36235","36320","22"
"251","36235","36401","22"
"252","36235","45173","22"
"253","36235","36398","22"
"254","36235","36400","22"
"255","36235","45177","22"
"256","36235","35754","22"
"257","36235","75452","22"
"258","36235","36236","22"
"259","36235","81720","22"
"260","36235","36237","22"
"261","36235","81430","22"
"262","36235","80171","22"
"263","36235","45182","22"
"264","36235","45324","22"
"265","36235","45183","22"
"266","36235","35864","22"
"267","36235","36368","22"
"268","34840","36234","22"
"269","34840","35774","22"
"270","34840","83112","22"
"271","34840","69880","22"
"272","34840","78566","22"
"273","34840","35757","22"
"274","34840","36320","22"
"275","34840","36401","22"
"276","34840","45173","22"
"277","34840","36398","22"
"278","34840","36400","22"
"279","34840","45177","22"
"280","34840","35754","22"
"281","34840","75452","22"
"282","34840","36236","22"
"283","34840","81720","22"
"284","34840","36237","22"
"285","34840","81430","22"
"286","34840","80171","22"
"287","34840","45182","22"
"288","34840","45324","22"
"289","34840","45183","22"
"290","34840","35864","22"
"291","34840","36368","22"
"292","36234","35774","22"
"293","36234","83112","22"
"294","36234","69880","22"
"295","36234","78566","22"
"296","36234","35757","22"
"297","36234","36320","22"
"298","36234","36401","22"
"299","36234","45173","22"
"300","36234","36398","22"
"301","36234","36400","22"
"302","36234","45177","22"
"303","36234","35754","22"
"304","36234","75452","22"
"305","36234","36236","22"
"306","36234","81720","22"
"307","36234","36237","22"
"308","36234","81430","22"
"309","36234","80171","22"
"310","36234","45182","22"
"311","36234","45324","22"
"312","36234","45183","22"
"313","36234","35864","22"
"314","36234","36368","22"
"315","35774","83112","22"
"316","35774","69880","22"
"317","35774","78566","22"
"318","35774","35757","22"
"319","35774","36320","22"
"320","35774","36401","22"
"321","35774","45173","22"
"322","35774","36398","22"
"323","35774","36400","22"
"324","35774","45177","22"
"325","35774","35754","22"
"326","35774","75452","22"
"327","35774","36236","22"
"328","35774","81720","22"
"329","35774","36237","22"
"330","35774","81430","22"
"331","35774","80171","22"
"332","35774","45182","22"
"333","35774","45324","22"
"334","35774","45183","22"
"335","35774","35864","22"
"336","35774","36368","22"
"337","83112","69880","22"
"338","83112","78566","22"
"339","83112","35757","22"
"340","83112","36320","22"
"341","83112","36401","22"
"342","83112","45173","22"
"343","83112","36398","22"
"344","83112","36400","22"
"345","83112","45177","22"
"346","83112","35754","22"
"347","83112","75452","22"
"348","83112","36236","22"
"349","83112","81720","22"
"350","83112","36237","22"
"351","83112","81430","22"
"352","83112","80171","22"
"353","83112","45182","22"
"354","83112","45324","22"
"355","83112","45183","22"
"356","83112","35864","22"
"357","83112","36368","22"
"358","69880","78566","22"
"359","69880","35757","22"
"360","69880","36320","22"
"361","69880","36401","22"
"362","69880","45173","22"
"363","69880","36398","22"
"364","69880","36400","22"
"365","69880","45177","22"
"366","69880","35754","22"
"367","69880","75452","22"
"368","69880","36236","22"
"369","69880","81720","22"
"370","69880","36237","22"
"371","69880","81430","22"
"372","69880","80171","22"
"373","69880","45182","22"
"374","69880","45324","22"
"375","69880","45183","22"
"376","69880","35864","22"
"377","69880","36368","22"
"378","78566","35757","22"
"379","78566","36320","22"
"380","78566","36401","22"
"381","78566","45173","22"
"382","78566","36398","22"
"383","78566","36400","22"
"384","78566","45177","22"
"385","78566","35754","22"
"386","78566","75452","22"
"387","78566","36236","22"
"388","78566","81720","22"
"389","78566","36237","22"
"390","78566","81430","22"
"391","78566","80171","22"
"392","78566","45182","22"
"393","78566","45324","22"
"394","78566","45183","22"
"395","78566","35864","22"
"396","78566","36368","22"
"397","35757","36320","22"
"398","35757","36401","22"
"399","35757","45173","22"
"400","35757","36398","22"
"401","35757","36400","22"
"402","35757","45177","22"
"403","35757","35754","22"
"404","35757","75452","22"
"405","35757","36236","22"
"406","35757","81720","22"
"407","35757","36237","22"
"408","35757","81430","22"
"409","35757","80171","22"
"410","35757","45182","22"
"411","35757","45324","22"
"412","35757","45183","22"
"413","35757","35864","22"
"414","35757","36368","22"
"415","36320","36401","22"
"416","36320","45173","22"
"417","36320","36398","22"
"418","36320","36400","22"
"419","36320","45177","22"
"420","36320","35754","22"
"421","36320","75452","22"
"422","36320","36236","22"
"423","36320","81720","22"
"424","36320","36237","22"
"425","36320","81430","22"
"426","36320","80171","22"
"427","36320","45182","22"
"428","36320","45324","22"
"429","36320","45183","22"
"430","36320","35864","22"
"431","36320","36368","22"
"432","36401","45173","22"
"433","36401","36398","22"
"434","36401","36400","22"
"435","36401","45177","22"
"436","36401","35754","22"
"437","36401","75452","22"
"438","36401","36236","22"
"439","36401","81720","22"
"440","36401","36237","22"
"441","36401","81430","22"
"442","36401","80171","22"
"443","36401","45182","22"
"444","36401","45324","22"
"445","36401","45183","22"
"446","36401","35864","22"
"447","36401","36368","22"
"448","45173","36398","22"
"449","45173","36400","22"
"450","45173","45177","22"
"451","45173","35754","22"
"452","45173","75452","22"
"453","45173","36236","22"
"454","45173","81720","22"
"455","45173","36237","22"
"456","45173","81430","22"
"457","45173","80171","22"
"458","45173","45182","22"
"459","45173","45324","22"
"460","45173","45183","22"
"461","45173","35864","22"
"462","45173","36368","22"
"463","36398","36400","22"
"464","36398","45177","22"
"465","36398","35754","22"
"466","36398","75452","22"
"467","36398","36236","22"
"468","36398","81720","22"
"469","36398","36237","22"
"470","36398","81430","22"
"471","36398","80171","22"
"472","36398","45182","22"
"473","36398","45324","22"
"474","36398","45183","22"
"475","36398","35864","22"
"476","36398","36368","22"
"477","36400","45177","22"
"478","36400","35754","22"
"479","36400","75452","22"
"480","36400","36236","22"
"481","36400","81720","22"
"482","36400","36237","22"
"483","36400","81430","22"
"484","36400","80171","22"
"485","36400","45182","22"
"486","36400","45324","22"
"487","36400","45183","22"
"488","36400","35864","22"
"489","36400","36368","22"
"490","45177","35754","22"
"491","45177","75452","22"
"492","45177","36236","22"
"493","45177","81720","22"
"494","45177","36237","22"
"495","45177","81430","22"
"496","45177","80171","22"
"497","45177","45182","22"
"498","45177","45324","22"
"499","45177","45183","22"
"500","45177","35864","22"
"501","45177","36368","22"
"502","35754","75452","22"
"503","35754","36236","22"
"504","35754","81720","22"
"505","35754","36237","22"
"506","35754","81430","22"
"507","35754","80171","22"
"508","35754","45182","22"
"509","35754","45324","22"
"510","35754","45183","22"
"511","35754","35864","22"
"512","35754","36368","22"
"513","75452","36236","22"
"514","75452","81720","22"
"515","75452","36237","22"
"516","75452","81430","22"
"517","75452","80171","22"
"518","75452","45182","22"
"519","75452","45324","22"
"520","75452","45183","22"
"521","75452","35864","22"
"522","75452","36368","22"
"523","36236","81720","22"
"524","36236","36237","22"
"525","36236","81430","22"
"526","36236","80171","22"
"527","36236","45182","22"
"528","36236","45324","22"
"529","36236","45183","22"
"530","36236","35864","22"
"531","36236","36368","22"
"532","81720","36237","22"
"533","81720","81430","22"
"534","81720","80171","22"
"535","81720","45182","22"
"536","81720","45324","22"
"537","81720","45183","22"
"538","81720","35864","22"
"539","81720","36368","22"
"540","36237","81430","22"
"541","36237","80171","22"
"542","36237","45182","22"
"543","36237","45324","22"
"544","36237","45183","22"
"545","36237","35864","22"
"546","36237","36368","22"
"547","81430","80171","22"
"548","81430","45182","22"
"549","81430","45324","22"
"550","81430","45183","22"
"551","81430","35864","22"
"552","81430","36368","22"
"553","80171","45182","22"
"554","80171","45324","22"
"555","80171","45183","22"
"556","80171","35864","22"
"557","80171","36368","22"
"558","45182","45324","22"
"559","45182","45183","22"
"560","45182","35864","22"
"561","45182","36368","22"
"562","45324","45183","22"
"563","45324","35864","22"
"564","45324","36368","22"
"565","45183","35864","22"
"566","45183","36368","22"
"567","35864","36368","22"
"568","35757","35","23"
"569","36236","35","23"
"570","41388","35","23"
"571","24359","35","23"
"572","12","35","23"
"573","12677","35","23"
"574","418","35","23"
"575","3356","35","23"
"576","75462","35","23"
"577","38","35","23"
"578","19","35","23"
"579","20200","35","23"
"580","35","12659","23"
"581","35","411","23"
"582","35","12681","23"
"583","35","12676","23"
"584","35","12665","23"
"585","35","159","23"
"586","35","98","23"
"587","35","106","23"
"588","35","28660","23"
"589","35","365","23"
"590","35","28662","23"
"591","35","68132","23"
"592","35","340","23"
"593","35","42","23"
"594","35","20","23"
"595","35","24","23"
"596","35","374","23"
"597","35","25295","23"
"598","35","25392","23"
"599","35","250","23"
"600","35","68121","23"
"601","35","3581","23"
"602","35","3613","23"
"603","35","20449","23"
"604","35","3370","23"
"605","35","26563","23"
"606","35","12658","23"
"607","35","14214","23"
"608","35","24536","23"
"609","35","24330","23"
"610","35","21","23"
"611","35","12690","23"
"612","35","27787","23"
"613","35","35389","23"
"614","35","20448","23"
"615","69854","70322","24"
"616","69854","69291","24"
"617","69854","1196","24"
"618","35736","69291","24"
"619","70322","69291","24"
"620","69291","3555","24"
"621","69291","14381","24"
"622","35742","3613","25"
"623","12677","3356","25"
"624","12677","20200","25"
"625","12677","3581","25"
"626","12677","12659","25"
"627","12677","3613","25"
"628","12677","20449","25"
"629","12677","3370","25"
"630","12677","26563","25"
"631","12677","12658","25"
"632","12677","14214","25"
"633","12677","24536","25"
"634","12677","24330","25"
"635","12677","21","25"
"636","12677","12690","25"
"637","12677","27787","25"
"638","12677","35389","25"
"639","12677","20448","25"
"640","3356","3613","25"
"641","3356","20200","25"
"642","3356","3581","25"
"643","3356","12659","25"
"644","3356","20449","25"
"645","3356","3370","25"
"646","3356","26563","25"
"647","3356","12658","25"
"648","3356","14214","25"
"649","3356","24536","25"
"650","3356","24330","25"
"651","3356","21","25"
"652","3356","12690","25"
"653","3356","27787","25"
"654","3356","35389","25"
"655","3356","20448","25"
"656","20200","3581","25"
"657","20200","12659","25"
"658","20200","3613","25"
"659","20200","20449","25"
"660","20200","3370","25"
"661","20200","26563","25"
"662","20200","12658","25"
"663","20200","14214","25"
"664","20200","24536","25"
"665","20200","24330","25"
"666","20200","21","25"
"667","20200","12690","25"
"668","20200","27787","25"
"669","20200","35389","25"
"670","20200","20448","25"
"671","3581","12659","25"
"672","3581","3613","25"
"673","3581","20449","25"
"674","3581","3370","25"
"675","3581","26563","25"
"676","3581","12658","25"
"677","3581","14214","25"
"678","3581","24536","25"
"679","3581","24330","25"
"680","3581","21","25"
"681","3581","12690","25"
"682","3581","27787","25"
"683","3581","35389","25"
"684","3581","20448","25"
"685","12659","159","25"
"686","12659","3613","25"
"687","12659","20449","25"
"688","12659","3370","25"
"689","12659","26563","25"
"690","12659","12658","25"
"691","12659","14214","25"
"692","12659","24536","25"
"693","12659","24330","25"
"694","12659","21","25"
"695","12659","12690","25"
"696","12659","27787","25"
"697","12659","35389","25"
"698","12659","20448","25"
"699","3613","20449","25"
"700","3613","3370","25"
"701","3613","26563","25"
"702","3613","12658","25"
"703","3613","14214","25"
"704","3613","24536","25"
"705","3613","24330","25"
"706","3613","21","25"
"707","3613","12690","25"
"708","3613","27787","25"
"709","3613","35389","25"
"710","3613","20448","25"
"711","3613","159","25"
"712","20449","3370","25"
"713","20449","26563","25"
"714","20449","12658","25"
"715","20449","14214","25"
"716","20449","24536","25"
"717","20449","24330","25"
"718","20449","21","25"
"719","20449","12690","25"
"720","20449","27787","25"
"721","20449","35389","25"
"722","20449","20448","25"
"723","3370","26563","25"
"724","3370","12658","25"
"725","3370","14214","25"
"726","3370","24536","25"
"727","3370","24330","25"
"728","3370","21","25"
"729","3370","12690","25"
"730","3370","27787","25"
"731","3370","35389","25"
"732","3370","20448","25"
"733","26563","12658","25"
"734","26563","14214","25"
"735","26563","24536","25"
"736","26563","24330","25"
"737","26563","21","25"
"738","26563","12690","25"
"739","26563","27787","25"
"740","26563","35389","25"
"741","26563","20448","25"
"742","12658","51467","25"
"743","12658","14214","25"
"744","12658","24536","25"
"745","12658","24330","25"
"746","12658","21","25"
"747","12658","12690","25"
"748","12658","27787","25"
"749","12658","35389","25"
"750","12658","20448","25"
"751","14214","24536","25"
"752","14214","24330","25"
"753","14214","21","25"
"754","14214","12690","25"
"755","14214","27787","25"
"756","14214","35389","25"
"757","14214","20448","25"
"758","24536","24330","25"
"759","24536","21","25"
"760","24536","12690","25"
"761","24536","27787","25"
"762","24536","35389","25"
"763","24536","20448","25"
"764","24330","21","25"
"765","24330","27787","25"
"766","24330","35389","25"
"767","24330","20448","25"
"768","21","12690","25"
"769","21","27787","25"
"770","21","35389","25"
"771","21","20448","25"
"772","12690","27787","25"
"773","12690","35389","25"
"774","12690","20448","25"
"775","27787","35389","25"
"776","27787","20448","25"
"777","35389","20448","25"
"778","81644","12666","26"
"779","81644","12658","26"
"780","81644","51467","26"
"781","12666","12658","26"
"782","12666","51467","26"
"783","30","52","27"
"784","30","96","27"
"785","30","106","27"
"786","52","96","27"
"787","34704","226","28"
"788","34704","47053","28"
"789","69742","47053","28"
"790","69742","81876","28"
"791","69742","14158","28"
"792","69742","17410","28"
"793","69742","122","28"
"794","69742","226","28"
"795","69742","51467","28"
"796","69742","51446","28"
"797","69742","3355","28"
"798","69742","12","28"
"799","47053","81876","28"
"800","47053","14158","28"
"801","47053","17410","28"
"802","47053","122","28"
"803","47053","226","28"
"804","47053","51467","28"
"805","47053","51446","28"
"806","47053","3355","28"
"807","81876","14158","28"
"808","81876","17410","28"
"809","81876","122","28"
"810","81876","226","28"
"811","81876","3355","28"
"812","35742","17410","28"
"813","80172","17410","28"
"814","3356","17410","28"
"815","14158","17410","28"
"816","14158","122","28"
"817","14158","226","28"
"818","14158","51467","28"
"819","14158","51446","28"
"820","14158","3355","28"
"821","17410","122","28"
"822","17410","226","28"
"823","17410","51467","28"
"824","17410","51446","28"
"825","17410","3355","28"
"826","17410","6823","28"
"827","17410","3613","28"
"828","17410","12647","28"
"829","17410","14308","28"
"830","17410","421","28"
"831","17410","24536","28"
"832","122","226","28"
"833","122","51467","28"
"834","122","51446","28"
"835","122","3355","28"
"836","226","51467","28"
"837","226","51446","28"
"838","226","3355","28"
"839","51467","3355","28"
"840","51446","3355","28"
"841","83120","104","29"
"842","83120","411","29"
"843","14125","34676","29"
"844","14125","104","29"
"845","14125","28644","29"
"846","34676","104","29"
"847","34676","28644","29"
"848","104","411","29"
"849","104","28644","29"
"850","36235","36404","30"
"851","36235","81425","30"
"852","36235","3131","30"
"853","36235","69985","30"
"854","36235","75448","30"
"855","36235","3133","30"
"856","36235","81151","30"
"857","36235","68064","30"
"858","36235","36403","30"
"859","36235","69983","30"
"860","36235","80158","30"
"861","36235","26686","30"
"862","36234","36404","30"
"863","36234","81425","30"
"864","36234","3131","30"
"865","36234","69985","30"
"866","36234","75448","30"
"867","36234","3133","30"
"868","36234","81151","30"
"869","36234","68064","30"
"870","36234","36403","30"
"871","36234","69983","30"
"872","36234","80158","30"
"873","36234","26686","30"
"874","36404","81425","30"
"875","36404","35757","30"
"876","36404","3131","30"
"877","36404","69985","30"
"878","36404","75448","30"
"879","36404","3133","30"
"880","36404","81151","30"
"881","36404","68064","30"
"882","36404","36403","30"
"883","36404","69983","30"
"884","36404","80158","30"
"885","36404","26686","30"
"886","36404","35742","30"
"887","81425","35757","30"
"888","81425","3131","30"
"889","81425","69985","30"
"890","81425","75448","30"
"891","81425","3133","30"
"892","81425","81151","30"
"893","81425","68064","30"
"894","81425","36403","30"
"895","81425","69983","30"
"896","81425","80158","30"
"897","81425","26686","30"
"898","35757","3131","30"
"899","35757","69985","30"
"900","35757","75448","30"
"901","35757","3133","30"
"902","35757","81151","30"
"903","35757","68064","30"
"904","35757","36403","30"
"905","35757","69983","30"
"906","35757","80158","30"
"907","35757","26686","30"
"908","3131","69985","30"
"909","3131","75448","30"
"910","3131","3133","30"
"911","3131","81151","30"
"912","3131","68064","30"
"913","3131","36403","30"
"914","3131","69983","30"
"915","3131","80158","30"
"916","3131","26686","30"
"917","69985","75448","30"
"918","69985","3133","30"
"919","69985","81151","30"
"920","69985","68064","30"
"921","69985","36403","30"
"922","69985","69983","30"
"923","69985","80158","30"
"924","69985","26686","30"
"925","75448","3133","30"
"926","75448","81151","30"
"927","75448","68064","30"
"928","75448","36403","30"
"929","75448","69983","30"
"930","75448","80158","30"
"931","75448","26686","30"
"932","3133","81151","30"
"933","3133","68064","30"
"934","3133","36403","30"
"935","3133","69983","30"
"936","3133","80158","30"
"937","3133","26686","30"
"938","81151","68064","30"
"939","81151","36403","30"
"940","81151","69983","30"
"941","81151","80158","30"
"942","81151","26686","30"
"943","68064","36403","30"
"944","68064","69983","30"
"945","68064","80158","30"
"946","68064","26686","30"
"947","36403","69983","30"
"948","36403","80158","30"
"949","36403","26686","30"
"950","69983","80158","30"
"951","69983","26686","30"
"952","80158","26686","30"
"953","81876","418","31"
"954","81876","106","31"
"955","68064","28662","31"
"956","68064","41388","31"
"957","68064","24359","31"
"958","68064","12","31"
"959","68064","418","31"
"960","68064","75462","31"
"961","68064","35","31"
"962","68064","98","31"
"963","68064","106","31"
"964","68064","28660","31"
"965","68064","365","31"
"966","68064","68132","31"
"967","68064","340","31"
"968","41388","24359","31"
"969","41388","418","31"
"970","41388","75462","31"
"971","41388","106","31"
"972","41388","28662","31"
"973","41388","68132","31"
"974","41388","340","31"
"975","24359","418","31"
"976","24359","75462","31"
"977","24359","106","31"
"978","24359","28662","31"
"979","24359","68132","31"
"980","24359","340","31"
"981","418","75462","31"
"982","418","106","31"
"983","418","28660","31"
"984","418","365","31"
"985","418","28662","31"
"986","418","68132","31"
"987","418","340","31"
"988","418","51446","31"
"989","418","42","31"
"990","418","20","31"
"991","418","24","31"
"992","418","374","31"
"993","418","25295","31"
"994","418","25392","31"
"995","418","250","31"
"996","418","68121","31"
"997","75462","106","31"
"998","75462","28662","31"
"999","75462","68132","31"
"1000","75462","340","31"
"1001","42","20","31"
"1002","42","374","31"
"1003","42","28662","31"
"1004","42","25392","31"
"1005","42","68132","31"
"1006","42","250","31"
"1007","42","68121","31"
"1008","20","24","31"
"1009","20","374","31"
"1010","20","25295","31"
"1011","20","28662","31"
"1012","20","25392","31"
"1013","20","68132","31"
"1014","20","250","31"
"1015","20","68121","31"
"1016","24","374","31"
"1017","24","28662","31"
"1018","24","25392","31"
"1019","24","68132","31"
"1020","24","250","31"
"1021","24","68121","31"
"1022","374","25295","31"
"1023","374","28662","31"
"1024","374","25392","31"
"1025","374","68132","31"
"1026","374","250","31"
"1027","374","68121","31"
"1028","25295","28662","31"
"1029","25295","25392","31"
"1030","25295","68132","31"
"1031","25295","250","31"
"1032","25295","68121","31"
"1033","98","106","31"
"1034","98","28662","31"
"1035","106","28660","31"
"1036","106","365","31"
"1037","106","28662","31"
"1038","106","68132","31"
"1039","106","340","31"
"1040","28660","28662","31"
"1041","28660","68132","31"
"1042","365","28662","31"
"1043","365","68132","31"
"1044","28662","68132","31"
"1045","28662","340","31"
"1046","28662","25392","31"
"1047","28662","250","31"
"1048","28662","68121","31"
"1049","25392","68132","31"
"1050","25392","250","31"
"1051","25392","68121","31"
"1052","68132","340","31"
"1053","68132","250","31"
"1054","68132","68121","31"
"1055","250","68121","31"
"1056","35757","38","32"
"1057","35757","19","32"
"1058","35757","12659","32"
"1059","35757","411","32"
"1060","35757","12681","32"
"1061","35757","12676","32"
"1062","35757","12665","32"
"1063","35757","159","32"
"1064","36236","38","32"
"1065","36236","19","32"
"1066","36236","12659","32"
"1067","36236","411","32"
"1068","36236","12681","32"
"1069","36236","12676","32"
"1070","36236","12665","32"
"1071","36236","159","32"
"1072","38","19","32"
"1073","38","12659","32"
"1074","38","411","32"
"1075","38","12681","32"
"1076","38","12676","32"
"1077","38","12665","32"
"1078","38","159","32"
"1079","19","12659","32"
"1080","19","411","32"
"1081","19","12681","32"
"1082","19","12676","32"
"1083","19","12665","32"
"1084","19","159","32"
"1085","12659","411","32"
"1086","12659","12681","32"
"1087","12659","12676","32"
"1088","12659","12665","32"
"1089","411","12681","32"
"1090","411","12676","32"
"1091","411","12665","32"
"1092","411","159","32"
"1093","12681","12676","32"
"1094","12681","12665","32"
"1095","12681","159","32"
"1096","16065","159","32"
"1097","12676","12665","32"
"1098","12676","159","32"
"1099","12665","159","32"
"1100","458","159","32"
"1101","69939","98","33"
"1102","69939","28660","33"
"1103","69939","365","33"
"1104","35742","98","33"
"1105","41388","98","33"
"1106","41388","28660","33"
"1107","41388","365","33"
"1108","69885","98","33"
"1109","69885","28660","33"
"1110","69885","365","33"
"1111","24359","98","33"
"1112","24359","28660","33"
"1113","24359","365","33"
"1114","418","98","33"
"1115","75462","98","33"
"1116","75462","28660","33"
"1117","75462","365","33"
"1118","479","98","33"
"1119","479","28660","33"
"1120","479","365","33"
"1121","401","98","33"
"1122","401","28660","33"
"1123","401","365","33"
"1124","407","98","33"
"1125","407","28660","33"
"1126","407","365","33"
"1127","42","98","33"
"1128","42","28660","33"
"1129","42","365","33"
"1130","1177","98","33"
"1131","1177","28660","33"
"1132","1177","365","33"
"1133","20420","98","33"
"1134","20420","28660","33"
"1135","20420","365","33"
"1136","20","98","33"
"1137","20","28660","33"
"1138","20","365","33"
"1139","469","98","33"
"1140","469","28660","33"
"1141","469","365","33"
"1142","12696","98","33"
"1143","12696","28660","33"
"1144","12696","365","33"
"1145","239","98","33"
"1146","239","28660","33"
"1147","239","365","33"
"1148","328","98","33"
"1149","328","28660","33"
"1150","328","365","33"
"1151","24","98","33"
"1152","24","28660","33"
"1153","24","365","33"
"1154","374","98","33"
"1155","374","28660","33"
"1156","374","365","33"
"1157","25295","98","33"
"1158","25295","28660","33"
"1159","25295","365","33"
"1160","136","98","33"
"1161","136","28660","33"
"1162","136","365","33"
"1163","398","98","33"
"1164","398","28660","33"
"1165","398","365","33"
"1166","480","98","33"
"1167","480","28660","33"
"1168","480","365","33"
"1169","98","115","33"
"1170","98","28660","33"
"1171","98","188","33"
"1172","98","16847","33"
"1173","98","28164","33"
"1174","98","365","33"
"1175","98","198","33"
"1176","98","344","33"
"1177","98","24330","33"
"1178","98","12690","33"
"1179","98","25942","33"
"1180","98","14151","33"
"1181","98","6823","33"
"1182","98","20325","33"
"1183","98","14154","33"
"1184","98","68132","33"
"1185","98","340","33"
"1186","98","25392","33"
"1187","98","250","33"
"1188","98","68121","33"
"1189","115","28660","33"
"1190","115","365","33"
"1191","28660","188","33"
"1192","28660","16847","33"
"1193","28660","28164","33"
"1194","28660","365","33"
"1195","28660","198","33"
"1196","28660","344","33"
"1197","28660","24330","33"
"1198","28660","12690","33"
"1199","28660","25942","33"
"1200","28660","14151","33"
"1201","28660","20325","33"
"1202","28660","14154","33"
"1203","28660","340","33"
"1204","28660","25392","33"
"1205","28660","250","33"
"1206","28660","68121","33"
"1207","188","365","33"
"1208","16847","365","33"
"1209","28164","365","33"
"1210","365","198","33"
"1211","365","344","33"
"1212","365","24330","33"
"1213","365","12690","33"
"1214","365","25942","33"
"1215","365","14151","33"
"1216","365","20325","33"
"1217","365","14154","33"
"1218","365","340","33"
"1219","365","25392","33"
"1220","365","250","33"
"1221","365","68121","33"
"1222","34840","34704","34"
"1223","34840","36404","34"
"1224","34840","69985","34"
"1225","34840","34655","34"
"1226","34840","226","34"
"1227","34840","390","34"
"1228","34704","36404","34"
"1229","34704","69985","34"
"1230","34704","34655","34"
"1231","34704","390","34"
"1232","34704","81425","34"
"1233","34704","14329","34"
"1234","34704","3360","34"
"1235","36404","34655","34"
"1236","36404","226","34"
"1237","36404","390","34"
"1238","69985","34655","34"
"1239","69985","226","34"
"1240","69985","390","34"
"1241","34655","226","34"
"1242","34655","390","34"
"1243","226","390","34"
"1244","26686","67376","35"
"1245","67376","3370","35"
"1246","67376","384","35"
"1247","67376","12699","35"
"1248","67376","379","35"
"1249","67376","6266","35"
"1250","379","6266","35"
"1251","3370","384","35"
"1252","34704","69939","36"
"1253","34704","81876","36"
"1254","34704","35742","36"
"1255","34704","36403","36"
"1256","34704","69885","36"
"1257","34704","12","36"
"1258","34704","479","36"
"1259","34704","401","36"
"1260","34704","407","36"
"1261","34704","42","36"
"1262","34704","1177","36"
"1263","34704","20420","36"
"1264","34704","469","36"
"1265","34704","12696","36"
"1266","34704","239","36"
"1267","34704","328","36"
"1268","34704","24","36"
"1269","34704","25295","36"
"1270","34704","136","36"
"1271","34704","398","36"
"1272","34704","480","36"
"1273","34704","98","36"
"1274","34704","115","36"
"1275","34704","28660","36"
"1276","34704","188","36"
"1277","34704","16847","36"
"1278","34704","28164","36"
"1279","34704","365","36"
"1280","34704","198","36"
"1281","34704","344","36"
"1282","34704","24330","36"
"1283","34704","12690","36"
"1284","34704","25942","36"
"1285","34704","14151","36"
"1286","34704","159","36"
"1287","34704","51467","36"
"1288","34704","51446","36"
"1289","34704","6823","36"
"1290","34704","20325","36"
"1291","34704","14154","36"
"1292","69939","81876","36"
"1293","69939","35742","36"
"1294","69939","36403","36"
"1295","69939","69885","36"
"1296","69939","479","36"
"1297","69939","401","36"
"1298","69939","407","36"
"1299","69939","42","36"
"1300","69939","1177","36"
"1301","69939","20420","36"
"1302","69939","469","36"
"1303","69939","12696","36"
"1304","69939","239","36"
"1305","69939","328","36"
"1306","69939","24","36"
"1307","69939","25295","36"
"1308","69939","136","36"
"1309","69939","398","36"
"1310","69939","480","36"
"1311","69939","115","36"
"1312","69939","188","36"
"1313","69939","16847","36"
"1314","69939","28164","36"
"1315","69939","198","36"
"1316","69939","344","36"
"1317","69939","24330","36"
"1318","69939","12690","36"
"1319","69939","25942","36"
"1320","69939","14151","36"
"1321","69939","159","36"
"1322","69939","51467","36"
"1323","69939","51446","36"
"1324","69939","6823","36"
"1325","69939","20325","36"
"1326","69939","14154","36"
"1327","81876","35742","36"
"1328","81876","36403","36"
"1329","81876","69885","36"
"1330","81876","12","36"
"1331","81876","479","36"
"1332","81876","401","36"
"1333","81876","407","36"
"1334","81876","42","36"
"1335","81876","1177","36"
"1336","81876","20420","36"
"1337","81876","469","36"
"1338","81876","12696","36"
"1339","81876","239","36"
"1340","81876","328","36"
"1341","81876","24","36"
"1342","81876","25295","36"
"1343","81876","136","36"
"1344","81876","398","36"
"1345","81876","480","36"
"1346","81876","98","36"
"1347","81876","115","36"
"1348","81876","28660","36"
"1349","81876","188","36"
"1350","81876","16847","36"
"1351","81876","28164","36"
"1352","81876","365","36"
"1353","81876","198","36"
"1354","81876","344","36"
"1355","81876","24330","36"
"1356","81876","12690","36"
"1357","81876","25942","36"
"1358","81876","14151","36"
"1359","81876","159","36"
"1360","81876","51467","36"
"1361","81876","51446","36"
"1362","81876","6823","36"
"1363","81876","20325","36"
"1364","81876","14154","36"
"1365","35742","36403","36"
"1366","35742","69885","36"
"1367","35742","479","36"
"1368","35742","401","36"
"1369","35742","407","36"
"1370","35742","42","36"
"1371","35742","1177","36"
"1372","35742","20420","36"
"1373","35742","469","36"
"1374","35742","12696","36"
"1375","35742","239","36"
"1376","35742","328","36"
"1377","35742","24","36"
"1378","35742","25295","36"
"1379","35742","136","36"
"1380","35742","398","36"
"1381","35742","480","36"
"1382","35742","115","36"
"1383","35742","28660","36"
"1384","35742","188","36"
"1385","35742","16847","36"
"1386","35742","28164","36"
"1387","35742","365","36"
"1388","35742","198","36"
"1389","35742","344","36"
"1390","35742","24330","36"
"1391","35742","12690","36"
"1392","35742","25942","36"
"1393","35742","14151","36"
"1394","35742","159","36"
"1395","35742","51467","36"
"1396","35742","51446","36"
"1397","35742","6823","36"
"1398","35742","20325","36"
"1399","35742","14154","36"
"1400","36403","69885","36"
"1401","36403","479","36"
"1402","36403","401","36"
"1403","36403","407","36"
"1404","36403","42","36"
"1405","36403","1177","36"
"1406","36403","20420","36"
"1407","36403","469","36"
"1408","36403","12696","36"
"1409","36403","239","36"
"1410","36403","328","36"
"1411","36403","24","36"
"1412","36403","25295","36"
"1413","36403","136","36"
"1414","36403","398","36"
"1415","36403","480","36"
"1416","36403","98","36"
"1417","36403","115","36"
"1418","36403","28660","36"
"1419","36403","188","36"
"1420","36403","16847","36"
"1421","36403","28164","36"
"1422","36403","365","36"
"1423","36403","198","36"
"1424","36403","344","36"
"1425","36403","24330","36"
"1426","36403","12690","36"
"1427","36403","25942","36"
"1428","36403","14151","36"
"1429","36403","159","36"
"1430","36403","51467","36"
"1431","36403","51446","36"
"1432","36403","6823","36"
"1433","36403","20325","36"
"1434","36403","14154","36"
"1435","69885","479","36"
"1436","69885","401","36"
"1437","69885","407","36"
"1438","69885","42","36"
"1439","69885","1177","36"
"1440","69885","20420","36"
"1441","69885","469","36"
"1442","69885","12696","36"
"1443","69885","239","36"
"1444","69885","328","36"
"1445","69885","24","36"
"1446","69885","25295","36"
"1447","69885","136","36"
"1448","69885","398","36"
"1449","69885","480","36"
"1450","69885","115","36"
"1451","69885","188","36"
"1452","69885","16847","36"
"1453","69885","28164","36"
"1454","69885","198","36"
"1455","69885","344","36"
"1456","69885","24330","36"
"1457","69885","12690","36"
"1458","69885","25942","36"
"1459","69885","14151","36"
"1460","69885","159","36"
"1461","69885","51467","36"
"1462","69885","51446","36"
"1463","69885","6823","36"
"1464","69885","20325","36"
"1465","69885","14154","36"
"1466","12","51467","36"
"1467","12","51446","36"
"1468","479","401","36"
"1469","479","407","36"
"1470","479","42","36"
"1471","479","1177","36"
"1472","479","20420","36"
"1473","479","469","36"
"1474","479","12696","36"
"1475","479","239","36"
"1476","479","328","36"
"1477","479","24","36"
"1478","479","25295","36"
"1479","479","136","36"
"1480","479","398","36"
"1481","479","480","36"
"1482","479","115","36"
"1483","479","188","36"
"1484","479","16847","36"
"1485","479","28164","36"
"1486","479","198","36"
"1487","479","344","36"
"1488","479","24330","36"
"1489","479","12690","36"
"1490","479","25942","36"
"1491","479","14151","36"
"1492","479","159","36"
"1493","479","51467","36"
"1494","479","51446","36"
"1495","479","6823","36"
"1496","479","20325","36"
"1497","479","14154","36"
"1498","401","407","36"
"1499","401","42","36"
"1500","401","1177","36"
"1501","401","20420","36"
"1502","401","469","36"
"1503","401","12696","36"
"1504","401","239","36"
"1505","401","328","36"
"1506","401","24","36"
"1507","401","25295","36"
"1508","401","136","36"
"1509","401","398","36"
"1510","401","480","36"
"1511","401","115","36"
"1512","401","188","36"
"1513","401","16847","36"
"1514","401","28164","36"
"1515","401","198","36"
"1516","401","344","36"
"1517","401","24330","36"
"1518","401","12690","36"
"1519","401","25942","36"
"1520","401","14151","36"
"1521","401","159","36"
"1522","401","51467","36"
"1523","401","51446","36"
"1524","401","6823","36"
"1525","401","20325","36"
"1526","401","14154","36"
"1527","407","42","36"
"1528","407","1177","36"
"1529","407","20420","36"
"1530","407","469","36"
"1531","407","12696","36"
"1532","407","239","36"
"1533","407","328","36"
"1534","407","24","36"
"1535","407","25295","36"
"1536","407","136","36"
"1537","407","398","36"
"1538","407","480","36"
"1539","407","115","36"
"1540","407","188","36"
"1541","407","16847","36"
"1542","407","28164","36"
"1543","407","198","36"
"1544","407","344","36"
"1545","407","24330","36"
"1546","407","12690","36"
"1547","407","25942","36"
"1548","407","14151","36"
"1549","407","159","36"
"1550","407","51467","36"
"1551","407","51446","36"
"1552","407","6823","36"
"1553","407","20325","36"
"1554","407","14154","36"
"1555","42","1177","36"
"1556","42","20420","36"
"1557","42","469","36"
"1558","42","12696","36"
"1559","42","239","36"
"1560","42","328","36"
"1561","42","24","36"
"1562","42","25295","36"
"1563","42","136","36"
"1564","42","398","36"
"1565","42","480","36"
"1566","42","115","36"
"1567","42","188","36"
"1568","42","16847","36"
"1569","42","28164","36"
"1570","42","198","36"
"1571","42","344","36"
"1572","42","24330","36"
"1573","42","12690","36"
"1574","42","25942","36"
"1575","42","14151","36"
"1576","42","159","36"
"1577","42","51467","36"
"1578","42","51446","36"
"1579","42","6823","36"
"1580","42","20325","36"
"1581","42","14154","36"
"1582","1177","20420","36"
"1583","1177","469","36"
"1584","1177","12696","36"
"1585","1177","239","36"
"1586","1177","328","36"
"1587","1177","24","36"
"1588","1177","25295","36"
"1589","1177","136","36"
"1590","1177","398","36"
"1591","1177","480","36"
"1592","1177","115","36"
"1593","1177","188","36"
"1594","1177","16847","36"
"1595","1177","28164","36"
"1596","1177","198","36"
"1597","1177","344","36"
"1598","1177","24330","36"
"1599","1177","12690","36"
"1600","1177","25942","36"
"1601","1177","14151","36"
"1602","1177","159","36"
"1603","1177","51467","36"
"1604","1177","51446","36"
"1605","1177","6823","36"
"1606","1177","20325","36"
"1607","1177","14154","36"
"1608","20420","469","36"
"1609","20420","12696","36"
"1610","20420","239","36"
"1611","20420","328","36"
"1612","20420","24","36"
"1613","20420","25295","36"
"1614","20420","136","36"
"1615","20420","398","36"
"1616","20420","480","36"
"1617","20420","115","36"
"1618","20420","188","36"
"1619","20420","16847","36"
"1620","20420","28164","36"
"1621","20420","198","36"
"1622","20420","344","36"
"1623","20420","24330","36"
"1624","20420","12690","36"
"1625","20420","25942","36"
"1626","20420","14151","36"
"1627","20420","159","36"
"1628","20420","51467","36"
"1629","20420","51446","36"
"1630","20420","6823","36"
"1631","20420","20325","36"
"1632","20420","14154","36"
"1633","469","12696","36"
"1634","469","239","36"
"1635","469","328","36"
"1636","469","24","36"
"1637","469","25295","36"
"1638","469","136","36"
"1639","469","398","36"
"1640","469","480","36"
"1641","469","115","36"
"1642","469","188","36"
"1643","469","16847","36"
"1644","469","28164","36"
"1645","469","198","36"
"1646","469","344","36"
"1647","469","24330","36"
"1648","469","12690","36"
"1649","469","25942","36"
"1650","469","14151","36"
"1651","469","159","36"
"1652","469","51467","36"
"1653","469","51446","36"
"1654","469","6823","36"
"1655","469","20325","36"
"1656","469","14154","36"
"1657","12696","239","36"
"1658","12696","328","36"
"1659","12696","24","36"
"1660","12696","25295","36"
"1661","12696","136","36"
"1662","12696","398","36"
"1663","12696","480","36"
"1664","12696","115","36"
"1665","12696","188","36"
"1666","12696","16847","36"
"1667","12696","28164","36"
"1668","12696","198","36"
"1669","12696","344","36"
"1670","12696","24330","36"
"1671","12696","12690","36"
"1672","12696","25942","36"
"1673","12696","14151","36"
"1674","12696","159","36"
"1675","12696","51467","36"
"1676","12696","51446","36"
"1677","12696","6823","36"
"1678","12696","20325","36"
"1679","12696","14154","36"
"1680","239","328","36"
"1681","239","24","36"
"1682","239","25295","36"
"1683","239","136","36"
"1684","239","398","36"
"1685","239","480","36"
"1686","239","115","36"
"1687","239","188","36"
"1688","239","16847","36"
"1689","239","28164","36"
"1690","239","198","36"
"1691","239","344","36"
"1692","239","24330","36"
"1693","239","12690","36"
"1694","239","25942","36"
"1695","239","14151","36"
"1696","239","159","36"
"1697","239","51467","36"
"1698","239","51446","36"
"1699","239","6823","36"
"1700","239","20325","36"
"1701","239","14154","36"
"1702","328","24","36"
"1703","328","25295","36"
"1704","328","136","36"
"1705","328","398","36"
"1706","328","480","36"
"1707","328","115","36"
"1708","328","188","36"
"1709","328","16847","36"
"1710","328","28164","36"
"1711","328","198","36"
"1712","328","344","36"
"1713","328","24330","36"
"1714","328","12690","36"
"1715","328","25942","36"
"1716","328","14151","36"
"1717","328","159","36"
"1718","328","51467","36"
"1719","328","51446","36"
"1720","328","6823","36"
"1721","328","20325","36"
"1722","328","14154","36"
"1723","24","25295","36"
"1724","24","136","36"
"1725","24","398","36"
"1726","24","480","36"
"1727","24","115","36"
"1728","24","188","36"
"1729","24","16847","36"
"1730","24","28164","36"
"1731","24","198","36"
"1732","24","344","36"
"1733","24","24330","36"
"1734","24","12690","36"
"1735","24","25942","36"
"1736","24","14151","36"
"1737","24","159","36"
"1738","24","51467","36"
"1739","24","51446","36"
"1740","24","6823","36"
"1741","24","20325","36"
"1742","24","14154","36"
"1743","25295","136","36"
"1744","25295","398","36"
"1745","25295","480","36"
"1746","25295","115","36"
"1747","25295","188","36"
"1748","25295","16847","36"
"1749","25295","28164","36"
"1750","25295","198","36"
"1751","25295","344","36"
"1752","25295","24330","36"
"1753","25295","12690","36"
"1754","25295","25942","36"
"1755","25295","14151","36"
"1756","25295","159","36"
"1757","25295","51467","36"
"1758","25295","51446","36"
"1759","25295","6823","36"
"1760","25295","20325","36"
"1761","25295","14154","36"
"1762","136","398","36"
"1763","136","480","36"
"1764","136","115","36"
"1765","136","188","36"
"1766","136","16847","36"
"1767","136","28164","36"
"1768","136","198","36"
"1769","136","344","36"
"1770","136","24330","36"
"1771","136","12690","36"
"1772","136","25942","36"
"1773","136","14151","36"
"1774","136","159","36"
"1775","136","51467","36"
"1776","136","51446","36"
"1777","136","6823","36"
"1778","136","20325","36"
"1779","136","14154","36"
"1780","398","480","36"
"1781","398","115","36"
"1782","398","188","36"
"1783","398","16847","36"
"1784","398","28164","36"
"1785","398","198","36"
"1786","398","344","36"
"1787","398","24330","36"
"1788","398","12690","36"
"1789","398","25942","36"
"1790","398","14151","36"
"1791","398","159","36"
"1792","398","51467","36"
"1793","398","51446","36"
"1794","398","6823","36"
"1795","398","20325","36"
"1796","398","14154","36"
"1797","480","115","36"
"1798","480","188","36"
"1799","480","16847","36"
"1800","480","28164","36"
"1801","480","198","36"
"1802","480","344","36"
"1803","480","24330","36"
"1804","480","12690","36"
"1805","480","25942","36"
"1806","480","14151","36"
"1807","480","159","36"
"1808","480","51467","36"
"1809","480","51446","36"
"1810","480","6823","36"
"1811","480","20325","36"
"1812","480","14154","36"
"1813","98","159","36"
"1814","98","51467","36"
"1815","98","51446","36"
"1816","115","188","36"
"1817","115","16847","36"
"1818","115","28164","36"
"1819","115","198","36"
"1820","115","344","36"
"1821","115","24330","36"
"1822","115","12690","36"
"1823","115","25942","36"
"1824","115","14151","36"
"1825","115","159","36"
"1826","115","51467","36"
"1827","115","51446","36"
"1828","115","6823","36"
"1829","115","20325","36"
"1830","115","14154","36"
"1831","28660","159","36"
"1832","28660","51467","36"
"1833","28660","51446","36"
"1834","28660","6823","36"
"1835","188","16847","36"
"1836","188","28164","36"
"1837","188","198","36"
"1838","188","344","36"
"1839","188","24330","36"
"1840","188","12690","36"
"1841","188","25942","36"
"1842","188","14151","36"
"1843","188","159","36"
"1844","188","51467","36"
"1845","188","51446","36"
"1846","188","6823","36"
"1847","188","20325","36"
"1848","188","14154","36"
"1849","16847","28164","36"
"1850","16847","198","36"
"1851","16847","344","36"
"1852","16847","24330","36"
"1853","16847","12690","36"
"1854","16847","25942","36"
"1855","16847","14151","36"
"1856","16847","159","36"
"1857","16847","51467","36"
"1858","16847","51446","36"
"1859","16847","6823","36"
"1860","16847","20325","36"
"1861","16847","14154","36"
"1862","28164","198","36"
"1863","28164","344","36"
"1864","28164","24330","36"
"1865","28164","12690","36"
"1866","28164","25942","36"
"1867","28164","14151","36"
"1868","28164","159","36"
"1869","28164","51467","36"
"1870","28164","51446","36"
"1871","28164","6823","36"
"1872","28164","20325","36"
"1873","28164","14154","36"
"1874","365","159","36"
"1875","365","51467","36"
"1876","365","51446","36"
"1877","365","6823","36"
"1878","198","344","36"
"1879","198","24330","36"
"1880","198","12690","36"
"1881","198","25942","36"
"1882","198","14151","36"
"1883","198","159","36"
"1884","198","51467","36"
"1885","198","51446","36"
"1886","198","6823","36"
"1887","198","20325","36"
"1888","198","14154","36"
"1889","344","24330","36"
"1890","344","12690","36"
"1891","344","25942","36"
"1892","344","14151","36"
"1893","344","159","36"
"1894","344","51467","36"
"1895","344","51446","36"
"1896","344","6823","36"
"1897","344","20325","36"
"1898","344","14154","36"
"1899","24330","12690","36"
"1900","24330","25942","36"
"1901","24330","14151","36"
"1902","24330","159","36"
"1903","24330","51467","36"
"1904","24330","51446","36"
"1905","24330","6823","36"
"1906","24330","20325","36"
"1907","24330","14154","36"
"1908","12690","25942","36"
"1909","12690","14151","36"
"1910","12690","159","36"
"1911","12690","51467","36"
"1912","12690","51446","36"
"1913","12690","6823","36"
"1914","12690","20325","36"
"1915","12690","14154","36"
"1916","25942","14151","36"
"1917","25942","159","36"
"1918","25942","51467","36"
"1919","25942","51446","36"
"1920","25942","6823","36"
"1921","25942","20325","36"
"1922","25942","14154","36"
"1923","14151","159","36"
"1924","14151","51467","36"
"1925","14151","51446","36"
"1926","14151","6823","36"
"1927","14151","20325","36"
"1928","14151","14154","36"
"1929","159","51467","36"
"1930","159","51446","36"
"1931","159","6823","36"
"1932","159","20325","36"
"1933","159","14154","36"
"1934","51467","51446","36"
"1935","51467","6823","36"
"1936","51467","20325","36"
"1937","51467","14154","36"
"1938","51446","6823","36"
"1939","51446","20325","36"
"1940","51446","14154","36"
"1941","6823","20325","36"
"1942","6823","14154","36"
"1943","20325","14154","36"
